var1,var2,r,abs_r,banda
pdp_papr_linear,pdp_los_ratio,1.0000000000000007,1.0000000000000007,r = ±1.00
mag_kurtosis,mag_excess_kurtosis,1.0000000000000002,1.0000000000000002,r = ±1.00
phase_unwrap_k_slope_rms,phase_jump_k_rms_abs,1.0,1.0,r = ±1.00
phase_unwrap_m_slope_rms,phase_jump_m_rms_abs,0.9999999999999999,0.9999999999999999,r = ±1.00
mag_energy_total,pdp_total_energy,0.9999999999999943,0.9999999999999943,r = ±1.00
phase_circular_variance,phase_coherence,-0.9999999999999926,0.9999999999999926,r = ±1.00
mag_entropy,mag_entropy_normalized,0.9999999999999829,0.9999999999999829,r = ±1.00
phase_unwrap_m_slope_var,phase_unwrap_k_slope_var,0.9999734472268724,0.9999734472268724,0.99 <= |r| < 1.00
phase_unwrap_k_slope_var,phase_jump_k_mean_abs,0.9999711221422417,0.9999711221422417,0.99 <= |r| < 1.00
phase_unwrap_m_slope_var,phase_jump_k_mean_abs,0.9999622302715678,0.9999622302715678,0.99 <= |r| < 1.00
phase_unwrap_k_slope_var,pdp_mean_delay,0.9999621203435561,0.9999621203435561,0.99 <= |r| < 1.00
phase_unwrap_m_slope_var,pdp_mean_delay,0.9999550154137815,0.9999550154137815,0.99 <= |r| < 1.00
phase_unwrap_k_mean,phase_unwrap_k_slope_mean,0.9999325114228937,0.9999325114228937,0.99 <= |r| < 1.00
pdp_mean_delay,svd_energy_ratio_mode1,-0.9999310503898312,0.9999310503898312,0.99 <= |r| < 1.00
phase_unwrap_k_slope_var,svd_energy_ratio_mode1,-0.9999265942072575,0.9999265942072575,0.99 <= |r| < 1.00
phase_unwrap_m_slope_var,svd_energy_ratio_mode1,-0.9999202516380652,0.9999202516380652,0.99 <= |r| < 1.00
mag_mean,mag_rms,0.9999160007211724,0.9999160007211724,0.99 <= |r| < 1.00
phase_jump_k_mean_abs,pdp_mean_delay,0.9999132445254332,0.9999132445254332,0.99 <= |r| < 1.00
phase_jump_k_mean_abs,svd_energy_ratio_mode1,-0.9998719184838899,0.9998719184838899,0.99 <= |r| < 1.00
phase_jump_k_rms_abs,pdp_mean_delay,0.9998661389859788,0.9998661389859788,0.99 <= |r| < 1.00
phase_unwrap_k_slope_rms,pdp_mean_delay,0.9998661389859788,0.9998661389859788,0.99 <= |r| < 1.00
phase_unwrap_k_slope_rms,phase_jump_k_var_abs,0.9998346187319948,0.9998346187319948,0.99 <= |r| < 1.00
phase_jump_k_var_abs,phase_jump_k_rms_abs,0.9998346187319948,0.9998346187319948,0.99 <= |r| < 1.00
phase_unwrap_k_slope_rms,svd_energy_ratio_mode1,-0.9998257349505303,0.9998257349505303,0.99 <= |r| < 1.00
phase_jump_k_rms_abs,svd_energy_ratio_mode1,-0.9998257349505298,0.9998257349505298,0.99 <= |r| < 1.00
phase_unwrap_k_slope_var,phase_jump_k_rms_abs,0.9998086644214357,0.9998086644214357,0.99 <= |r| < 1.00
phase_unwrap_k_slope_var,phase_unwrap_k_slope_rms,0.9998086644214356,0.9998086644214356,0.99 <= |r| < 1.00
phase_unwrap_m_slope_var,phase_jump_k_rms_abs,0.9997782340787961,0.9997782340787961,0.99 <= |r| < 1.00
phase_unwrap_m_slope_var,phase_unwrap_k_slope_rms,0.9997782340787961,0.9997782340787961,0.99 <= |r| < 1.00
phase_unwrap_k_slope_rms,phase_jump_m_var_abs,0.9997681577897314,0.9997681577897314,0.99 <= |r| < 1.00
phase_jump_m_var_abs,phase_jump_k_rms_abs,0.9997681577897314,0.9997681577897314,0.99 <= |r| < 1.00
phase_unwrap_k_var,phase_unwrap_k_slope_var,-0.9997522964869812,0.9997522964869812,0.99 <= |r| < 1.00
phase_jump_m_var_abs,phase_jump_k_var_abs,0.9997274956141529,0.9997274956141529,0.99 <= |r| < 1.00
phase_jump_m_mean_abs,phase_jump_k_var_abs,0.9997210400874332,0.9997210400874332,0.99 <= |r| < 1.00
phase_unwrap_k_var,phase_unwrap_k_slope_mean,-0.9997204402868681,0.9997204402868681,0.99 <= |r| < 1.00
phase_unwrap_k_var,phase_jump_k_mean_abs,-0.9997084163534716,0.9997084163534716,0.99 <= |r| < 1.00
mag_mean,mag_percentile_50,0.9996862339576358,0.9996862339576358,0.99 <= |r| < 1.00
mag_rms,mag_percentile_50,0.9996821599498794,0.9996821599498794,0.99 <= |r| < 1.00
phase_unwrap_m_slope_var,phase_unwrap_k_var,-0.999681238955446,0.999681238955446,0.99 <= |r| < 1.00
phase_unwrap_k_slope_rms,phase_jump_k_mean_abs,0.9996734501697249,0.9996734501697249,0.99 <= |r| < 1.00
phase_jump_k_mean_abs,phase_jump_k_rms_abs,0.9996734501697244,0.9996734501697244,0.99 <= |r| < 1.00
phase_unwrap_k_var,pdp_mean_delay,-0.9996673824317782,0.9996673824317782,0.99 <= |r| < 1.00
phase_unwrap_k_var,svd_energy_ratio_mode1,0.9996481005891692,0.9996481005891692,0.99 <= |r| < 1.00
phase_unwrap_k_mean,phase_unwrap_k_var,-0.9996268752242512,0.9996268752242512,0.99 <= |r| < 1.00
dH_dt_mean,doppler_variance_energy,0.9996059371389423,0.9996059371389423,0.99 <= |r| < 1.00
phase_unwrap_k_slope_mean,phase_jump_k_mean_abs,0.999515449761439,0.999515449761439,0.99 <= |r| < 1.00
phase_jump_m_var_abs,pdp_mean_delay,0.9995143208010999,0.9995143208010999,0.99 <= |r| < 1.00
phase_unwrap_k_slope_mean,phase_unwrap_k_slope_var,0.9994926936430086,0.9994926936430086,0.99 <= |r| < 1.00
phase_jump_k_var_abs,pdp_mean_delay,0.9994703473571579,0.9994703473571579,0.99 <= |r| < 1.00
phase_jump_m_var_abs,svd_energy_ratio_mode1,-0.9994631083139587,0.9994631083139587,0.99 <= |r| < 1.00
mag_percentile_95,mag_percentile_99,0.9994484873632552,0.9994484873632552,0.99 <= |r| < 1.00
phase_unwrap_m_slope_var,phase_jump_m_var_abs,0.9994460404874541,0.9994460404874541,0.99 <= |r| < 1.00
phase_jump_m_mean_abs,phase_jump_m_var_abs,0.9994311057062578,0.9994311057062578,0.99 <= |r| < 1.00
phase_jump_k_var_abs,svd_energy_ratio_mode1,-0.9994300173012274,0.9994300173012274,0.99 <= |r| < 1.00
phase_unwrap_k_mean,phase_jump_k_mean_abs,0.9994207396366115,0.9994207396366115,0.99 <= |r| < 1.00
phase_unwrap_m_slope_var,phase_unwrap_k_slope_mean,0.9994169382441221,0.9994169382441221,0.99 <= |r| < 1.00
phase_unwrap_k_slope_mean,pdp_mean_delay,0.9994161341899823,0.9994161341899823,0.99 <= |r| < 1.00
phase_unwrap_k_var,phase_jump_k_rms_abs,-0.9993924653439854,0.9993924653439854,0.99 <= |r| < 1.00
phase_unwrap_k_var,phase_unwrap_k_slope_rms,-0.9993924653439852,0.9993924653439852,0.99 <= |r| < 1.00
phase_unwrap_k_mean,phase_unwrap_k_slope_var,0.9993802436798924,0.9993802436798924,0.99 <= |r| < 1.00
phase_unwrap_k_slope_var,phase_jump_m_var_abs,0.9993743388264975,0.9993743388264975,0.99 <= |r| < 1.00
phase_jump_m_mean_abs,phase_jump_k_rms_abs,0.9993671141620412,0.9993671141620412,0.99 <= |r| < 1.00
phase_unwrap_k_slope_rms,phase_jump_m_mean_abs,0.9993671141620405,0.9993671141620405,0.99 <= |r| < 1.00
phase_unwrap_k_slope_var,phase_jump_k_var_abs,0.999345710994384,0.999345710994384,0.99 <= |r| < 1.00
phase_unwrap_k_slope_mean,svd_energy_ratio_mode1,-0.9993375590946282,0.9993375590946282,0.99 <= |r| < 1.00
phase_unwrap_m_slope_var,phase_unwrap_k_mean,0.9993077843761817,0.9993077843761817,0.99 <= |r| < 1.00
phase_unwrap_k_mean,pdp_mean_delay,0.9992914267769488,0.9992914267769488,0.99 <= |r| < 1.00
phase_unwrap_m_slope_var,phase_jump_k_var_abs,0.9992908176316184,0.9992908176316184,0.99 <= |r| < 1.00
phase_jump_m_var_abs,phase_jump_k_mean_abs,0.9992136036092626,0.9992136036092626,0.99 <= |r| < 1.00
phase_unwrap_k_mean,svd_energy_ratio_mode1,-0.9992130082937314,0.9992130082937314,0.99 <= |r| < 1.00
phase_unwrap_m_var,phase_jump_k_mean_abs,0.9991702453142217,0.9991702453142217,0.99 <= |r| < 1.00
phase_unwrap_m_var,phase_unwrap_m_slope_var,0.9991220449863752,0.9991220449863752,0.99 <= |r| < 1.00
phase_unwrap_m_var,phase_unwrap_k_slope_var,0.9991061369748961,0.9991061369748961,0.99 <= |r| < 1.00
phase_unwrap_m_slope_rms,phase_jump_m_mean_abs,0.999088584861737,0.999088584861737,0.99 <= |r| < 1.00
phase_jump_m_mean_abs,phase_jump_m_rms_abs,0.999088584861737,0.999088584861737,0.99 <= |r| < 1.00
phase_jump_k_mean_abs,phase_jump_k_var_abs,0.9990869155361751,0.9990869155361751,0.99 <= |r| < 1.00
phase_unwrap_m_var,pdp_mean_delay,0.9990108544154637,0.9990108544154637,0.99 <= |r| < 1.00
phase_unwrap_m_var,svd_energy_ratio_mode1,-0.9989897338186132,0.9989897338186132,0.99 <= |r| < 1.00
phase_unwrap_k_slope_mean,phase_unwrap_k_slope_rms,0.9989710623379148,0.9989710623379148,0.99 <= |r| < 1.00
phase_unwrap_k_slope_mean,phase_jump_k_rms_abs,0.9989710623379144,0.9989710623379144,0.99 <= |r| < 1.00
phase_unwrap_m_var,phase_unwrap_k_var,-0.9989472342210218,0.9989472342210218,0.99 <= |r| < 1.00
mag_rms,mag_percentile_75,0.9988398880344233,0.9988398880344233,0.99 <= |r| < 1.00
phase_unwrap_k_var,phase_jump_k_var_abs,-0.9988105256213634,0.9988105256213634,0.99 <= |r| < 1.00
phase_unwrap_m_var,phase_unwrap_k_slope_mean,0.9987997936767559,0.9987997936767559,0.99 <= |r| < 1.00
phase_unwrap_k_mean,phase_jump_k_rms_abs,0.9987997866620382,0.9987997866620382,0.99 <= |r| < 1.00
phase_unwrap_k_mean,phase_unwrap_k_slope_rms,0.998799786662038,0.998799786662038,0.99 <= |r| < 1.00
mag_percentile_75,mag_percentile_95,0.998785991134482,0.998785991134482,0.99 <= |r| < 1.00
phase_jump_m_mean_abs,pdp_mean_delay,0.9987652212851149,0.9987652212851149,0.99 <= |r| < 1.00
phase_jump_m_mean_abs,svd_energy_ratio_mode1,-0.9987338050657448,0.9987338050657448,0.99 <= |r| < 1.00
phase_unwrap_k_var,phase_jump_m_var_abs,-0.9987286693213597,0.9987286693213597,0.99 <= |r| < 1.00
phase_unwrap_m_var,phase_unwrap_k_mean,0.9987257950509737,0.9987257950509737,0.99 <= |r| < 1.00
phase_unwrap_m_var,phase_unwrap_k_slope_rms,0.9986492121165467,0.9986492121165467,0.99 <= |r| < 1.00
phase_unwrap_m_var,phase_jump_k_rms_abs,0.9986492121165462,0.9986492121165462,0.99 <= |r| < 1.00
phase_unwrap_k_slope_var,phase_jump_m_mean_abs,0.9985408340049441,0.9985408340049441,0.99 <= |r| < 1.00
phase_unwrap_m_slope_var,phase_jump_m_mean_abs,0.9985023211266754,0.9985023211266754,0.99 <= |r| < 1.00
mag_mean,mag_percentile_75,0.9982547905146182,0.9982547905146182,0.99 <= |r| < 1.00
phase_unwrap_k_slope_mean,phase_jump_k_var_abs,0.998244436922791,0.998244436922791,0.99 <= |r| < 1.00
mag_percentile_50,mag_percentile_75,0.9982281074640255,0.9982281074640255,0.99 <= |r| < 1.00
phase_unwrap_k_slope_mean,phase_jump_m_var_abs,0.9982061844317477,0.9982061844317477,0.99 <= |r| < 1.00
phase_jump_m_mean_abs,phase_jump_k_mean_abs,0.9981911628553257,0.9981911628553257,0.99 <= |r| < 1.00
phase_unwrap_m_var,phase_jump_m_var_abs,0.9981175913053797,0.9981175913053797,0.99 <= |r| < 1.00
phase_unwrap_k_mean,phase_jump_k_var_abs,0.9980275727434162,0.9980275727434162,0.99 <= |r| < 1.00
phase_unwrap_k_mean,phase_jump_m_var_abs,0.9980083113923006,0.9980083113923006,0.99 <= |r| < 1.00
phase_jump_m_rms_abs,phase_jump_k_var_abs,0.998004908299442,0.998004908299442,0.99 <= |r| < 1.00
phase_unwrap_m_slope_rms,phase_jump_k_var_abs,0.998004908299442,0.998004908299442,0.99 <= |r| < 1.00
phase_unwrap_k_var,phase_jump_m_mean_abs,-0.9979640433355746,0.9979640433355746,0.99 <= |r| < 1.00
phase_unwrap_m_var,phase_jump_k_var_abs,0.9979516635076453,0.9979516635076453,0.99 <= |r| < 1.00
mag_max,mag_dynamic_range_linear,0.9977290016046736,0.9977290016046736,0.99 <= |r| < 1.00
mag_percentile_50,svd_sigma_1,0.9976592405613414,0.9976592405613414,0.99 <= |r| < 1.00
mag_mean,svd_sigma_1,0.9976434086859713,0.9976434086859713,0.99 <= |r| < 1.00
phase_jump_m_var_abs,phase_jump_m_rms_abs,0.9975340032545887,0.9975340032545887,0.99 <= |r| < 1.00
phase_unwrap_m_slope_rms,phase_jump_m_var_abs,0.9975340032545887,0.9975340032545887,0.99 <= |r| < 1.00
mag_rms,svd_sigma_1,0.9972773952488295,0.9972773952488295,0.99 <= |r| < 1.00
phase_unwrap_k_slope_mean,phase_jump_m_mean_abs,0.9972466921896816,0.9972466921896816,0.99 <= |r| < 1.00
phase_unwrap_m_slope_rms,phase_jump_k_rms_abs,0.9970387255087012,0.9970387255087012,0.99 <= |r| < 1.00
phase_jump_m_rms_abs,phase_jump_k_rms_abs,0.997038725508701,0.997038725508701,0.99 <= |r| < 1.00
phase_unwrap_m_slope_rms,phase_unwrap_k_slope_rms,0.9970387255087009,0.9970387255087009,0.99 <= |r| < 1.00
phase_unwrap_k_slope_rms,phase_jump_m_rms_abs,0.9970387255087007,0.9970387255087007,0.99 <= |r| < 1.00
phase_unwrap_k_mean,phase_jump_m_mean_abs,0.9969582377699869,0.9969582377699869,0.99 <= |r| < 1.00
phase_unwrap_m_var,phase_jump_m_mean_abs,0.9969282296546533,0.9969282296546533,0.99 <= |r| < 1.00
mag_percentile_75,mag_percentile_99,0.9966894475272737,0.9966894475272737,0.99 <= |r| < 1.00
mag_rms,mag_percentile_95,0.9964954616191274,0.9964954616191274,0.99 <= |r| < 1.00
phase_jump_m_rms_abs,pdp_mean_delay,0.995809119062164,0.995809119062164,0.99 <= |r| < 1.00
phase_unwrap_m_slope_rms,pdp_mean_delay,0.995809119062164,0.995809119062164,0.99 <= |r| < 1.00
phase_unwrap_m_slope_rms,svd_energy_ratio_mode1,-0.9957770362955566,0.9957770362955566,0.99 <= |r| < 1.00
phase_jump_m_rms_abs,svd_energy_ratio_mode1,-0.9957770362955566,0.9957770362955566,0.99 <= |r| < 1.00
mag_percentile_75,svd_sigma_1,0.9957408024822209,0.9957408024822209,0.99 <= |r| < 1.00
mag_mean,mag_percentile_25,0.9957090384393938,0.9957090384393938,0.99 <= |r| < 1.00
mag_mean,mag_percentile_95,0.9954280628749064,0.9954280628749064,0.99 <= |r| < 1.00
phase_unwrap_m_slope_rms,phase_unwrap_k_slope_var,0.9954211821914021,0.9954211821914021,0.99 <= |r| < 1.00
phase_unwrap_k_slope_var,phase_jump_m_rms_abs,0.9954211821914019,0.9954211821914019,0.99 <= |r| < 1.00
phase_unwrap_m_slope_var,phase_jump_m_rms_abs,0.9953621574558958,0.9953621574558958,0.99 <= |r| < 1.00
phase_unwrap_m_slope_var,phase_unwrap_m_slope_rms,0.9953621574558956,0.9953621574558956,0.99 <= |r| < 1.00
mag_percentile_50,mag_percentile_95,0.9951981746396807,0.9951981746396807,0.99 <= |r| < 1.00
mag_percentile_25,mag_percentile_50,0.995096992607996,0.995096992607996,0.99 <= |r| < 1.00
phase_jump_m_rms_abs,phase_jump_k_mean_abs,0.9948413028594661,0.9948413028594661,0.99 <= |r| < 1.00
phase_unwrap_m_slope_rms,phase_jump_k_mean_abs,0.9948413028594659,0.9948413028594659,0.99 <= |r| < 1.00
mag_max,mag_percentile_99,0.9947952636584543,0.9947952636584543,0.99 <= |r| < 1.00
phase_jump_m_rms_abs,pdp_rms_delay_spread,0.9946816650665127,0.9946816650665127,0.99 <= |r| < 1.00
phase_unwrap_m_slope_rms,pdp_rms_delay_spread,0.9946816650665126,0.9946816650665126,0.99 <= |r| < 1.00
mag_rms,mag_percentile_25,0.9946096367893443,0.9946096367893443,0.99 <= |r| < 1.00
phase_unwrap_k_var,phase_jump_m_rms_abs,-0.9945534755714982,0.9945534755714982,0.99 <= |r| < 1.00
phase_unwrap_m_slope_rms,phase_unwrap_k_var,-0.9945534755714981,0.9945534755714981,0.99 <= |r| < 1.00
mag_rms,mag_percentile_99,0.994003722866015,0.994003722866015,0.99 <= |r| < 1.00
mag_percentile_25,svd_sigma_1,0.9937124658030169,0.9937124658030169,0.99 <= |r| < 1.00
phase_unwrap_k_slope_mean,phase_jump_m_rms_abs,0.9934883839956398,0.9934883839956398,0.99 <= |r| < 1.00
phase_unwrap_m_slope_rms,phase_unwrap_k_slope_mean,0.9934883839956395,0.9934883839956395,0.99 <= |r| < 1.00
phase_unwrap_m_var,phase_jump_m_rms_abs,0.9932428829544431,0.9932428829544431,0.99 <= |r| < 1.00
phase_unwrap_m_var,phase_unwrap_m_slope_rms,0.9932428829544431,0.9932428829544431,0.99 <= |r| < 1.00
phase_unwrap_m_slope_rms,phase_unwrap_k_mean,0.9930568983358976,0.9930568983358976,0.99 <= |r| < 1.00
phase_unwrap_k_mean,phase_jump_m_rms_abs,0.9930568983358975,0.9930568983358975,0.99 <= |r| < 1.00
mag_mean,mag_percentile_99,0.9926675116834354,0.9926675116834354,0.99 <= |r| < 1.00
mag_max,mag_percentile_95,0.9926338096388259,0.9926338096388259,0.99 <= |r| < 1.00
phase_jump_m_max_abs,phase_jump_k_max_abs,0.9925476056416429,0.9925476056416429,0.99 <= |r| < 1.00
mag_percentile_50,mag_percentile_99,0.9923931758949964,0.9923931758949964,0.99 <= |r| < 1.00
phase_unwrap_m_slope_rms,pdp_papr_linear,-0.9922951025330555,0.9922951025330555,0.99 <= |r| < 1.00
phase_jump_m_rms_abs,pdp_papr_linear,-0.9922951025330553,0.9922951025330553,0.99 <= |r| < 1.00
phase_jump_m_rms_abs,pdp_los_ratio,-0.9922951023947458,0.9922951023947458,0.99 <= |r| < 1.00
phase_unwrap_m_slope_rms,pdp_los_ratio,-0.9922951023947458,0.9922951023947458,0.99 <= |r| < 1.00
mag_percentile_95,svd_sigma_1,0.9915308792017288,0.9915308792017288,0.99 <= |r| < 1.00
phase_jump_m_mean_abs,pdp_rms_delay_spread,0.9897756489859103,0.9897756489859103,0.95 <= |r| < 0.99
phase_jump_m_mean_abs,pdp_papr_linear,-0.989080477770549,0.989080477770549,0.95 <= |r| < 0.99
phase_jump_m_mean_abs,pdp_los_ratio,-0.9890804775776415,0.9890804775776415,0.95 <= |r| < 0.99
mag_percentile_99,mag_dynamic_range_linear,0.9890501364432641,0.9890501364432641,0.95 <= |r| < 0.99
pdp_papr_linear,pdp_rms_delay_spread,-0.9889980635193776,0.9889980635193776,0.95 <= |r| < 0.99
pdp_rms_delay_spread,pdp_los_ratio,-0.9889980634860703,0.9889980634860703,0.95 <= |r| < 0.99
mag_percentile_25,mag_percentile_75,0.988577233400777,0.988577233400777,0.95 <= |r| < 0.99
mag_max,mag_percentile_75,0.9882999530627291,0.9882999530627291,0.95 <= |r| < 0.99
mag_energy_total,pdp_los_peak_power,0.9879906352942213,0.9879906352942213,0.95 <= |r| < 0.99
pdp_los_peak_power,pdp_total_energy,0.9879906352942156,0.9879906352942156,0.95 <= |r| < 0.99
mag_percentile_99,svd_sigma_1,0.9878288288007542,0.9878288288007542,0.95 <= |r| < 0.99
phase_jump_k_var_abs,pdp_papr_linear,-0.9873244375031216,0.9873244375031216,0.95 <= |r| < 0.99
phase_jump_k_var_abs,pdp_los_ratio,-0.9873244372884337,0.9873244372884337,0.95 <= |r| < 0.99
phase_jump_m_var_abs,pdp_papr_linear,-0.9868260816285483,0.9868260816285483,0.95 <= |r| < 0.99
phase_jump_m_var_abs,pdp_los_ratio,-0.9868260814145364,0.9868260814145364,0.95 <= |r| < 0.99
mag_rms,mag_max,0.986795100488056,0.986795100488056,0.95 <= |r| < 0.99
phase_jump_k_var_abs,pdp_rms_delay_spread,0.9867531781462859,0.9867531781462859,0.95 <= |r| < 0.99
phase_unwrap_k_slope_rms,pdp_papr_linear,-0.9859509175709436,0.9859509175709436,0.95 <= |r| < 0.99
phase_jump_k_rms_abs,pdp_papr_linear,-0.9859509175709433,0.9859509175709433,0.95 <= |r| < 0.99
phase_unwrap_k_slope_rms,pdp_los_ratio,-0.9859509173397517,0.9859509173397517,0.95 <= |r| < 0.99
phase_jump_k_rms_abs,pdp_los_ratio,-0.9859509173397515,0.9859509173397515,0.95 <= |r| < 0.99
mag_energy_total,mag_dynamic_range_linear,0.985819950093598,0.985819950093598,0.95 <= |r| < 0.99
mag_dynamic_range_linear,pdp_total_energy,0.9858199500935886,0.9858199500935886,0.95 <= |r| < 0.99
mag_percentile_95,mag_dynamic_range_linear,0.9856542427045615,0.9856542427045615,0.95 <= |r| < 0.99
phase_jump_m_var_abs,pdp_rms_delay_spread,0.9855252635154943,0.9855252635154943,0.95 <= |r| < 0.99
mag_max,mag_percentile_50,0.9853279620848855,0.9853279620848855,0.95 <= |r| < 0.99
mag_mean,mag_max,0.9853218826227824,0.9853218826227824,0.95 <= |r| < 0.99
doppler_centroid,doppler_spread,0.9846590698421139,0.9846590698421139,0.95 <= |r| < 0.99
phase_jump_k_rms_abs,pdp_rms_delay_spread,0.9841888544024602,0.9841888544024602,0.95 <= |r| < 0.99
phase_unwrap_k_slope_rms,pdp_rms_delay_spread,0.9841888544024601,0.9841888544024601,0.95 <= |r| < 0.99
mag_percentile_5,mag_percentile_25,0.9840499925538305,0.9840499925538305,0.95 <= |r| < 0.99
pdp_papr_linear,pdp_mean_delay,-0.9839309695633869,0.9839309695633869,0.95 <= |r| < 0.99
pdp_mean_delay,pdp_los_ratio,-0.9839309693142736,0.9839309693142736,0.95 <= |r| < 0.99
pdp_papr_linear,svd_energy_ratio_mode1,0.9838860358372656,0.9838860358372656,0.95 <= |r| < 0.99
pdp_los_ratio,svd_energy_ratio_mode1,0.9838860355872697,0.9838860355872697,0.95 <= |r| < 0.99
phase_unwrap_k_slope_var,pdp_papr_linear,-0.9836118417922202,0.9836118417922202,0.95 <= |r| < 0.99
phase_unwrap_k_slope_var,pdp_los_ratio,-0.9836118415387214,0.9836118415387214,0.95 <= |r| < 0.99
phase_unwrap_m_slope_var,pdp_papr_linear,-0.9834872288460292,0.9834872288460292,0.95 <= |r| < 0.99
phase_unwrap_m_slope_var,pdp_los_ratio,-0.9834872285927008,0.9834872285927008,0.95 <= |r| < 0.99
mag_percentile_25,mag_percentile_95,0.9833945782409005,0.9833945782409005,0.95 <= |r| < 0.99
phase_jump_k_mean_abs,pdp_papr_linear,-0.9829194927586866,0.9829194927586866,0.95 <= |r| < 0.99
phase_jump_k_mean_abs,pdp_los_ratio,-0.9829194924996787,0.9829194924996787,0.95 <= |r| < 0.99
phase_unwrap_k_var,pdp_papr_linear,0.9825338515971199,0.9825338515971199,0.95 <= |r| < 0.99
phase_unwrap_k_var,pdp_los_ratio,0.9825338513327685,0.9825338513327685,0.95 <= |r| < 0.99
pdp_mean_delay,pdp_rms_delay_spread,0.9815708708426174,0.9815708708426174,0.95 <= |r| < 0.99
pdp_rms_delay_spread,svd_energy_ratio_mode1,-0.9815430185907277,0.9815430185907277,0.95 <= |r| < 0.99
phase_unwrap_k_slope_mean,pdp_papr_linear,-0.9811301502778308,0.9811301502778308,0.95 <= |r| < 0.99
phase_unwrap_k_slope_mean,pdp_los_ratio,-0.9811301500037475,0.9811301500037475,0.95 <= |r| < 0.99
phase_unwrap_m_var,pdp_papr_linear,-0.9809701176398216,0.9809701176398216,0.95 <= |r| < 0.99
phase_unwrap_m_var,pdp_los_ratio,-0.9809701173710561,0.9809701173710561,0.95 <= |r| < 0.99
phase_unwrap_k_slope_var,pdp_rms_delay_spread,0.980673618688941,0.980673618688941,0.95 <= |r| < 0.99
phase_unwrap_m_slope_var,pdp_rms_delay_spread,0.9805336225768008,0.9805336225768008,0.95 <= |r| < 0.99
phase_unwrap_k_mean,pdp_papr_linear,-0.9805171998944573,0.9805171998944573,0.95 <= |r| < 0.99
phase_unwrap_k_mean,pdp_los_ratio,-0.9805171996162316,0.9805171996162316,0.95 <= |r| < 0.99
mag_percentile_75,mag_dynamic_range_linear,0.9798676915251868,0.9798676915251868,0.95 <= |r| < 0.99
mag_energy_total,mag_max,0.979832755608665,0.979832755608665,0.95 <= |r| < 0.99
mag_max,pdp_total_energy,0.9798327556086518,0.9798327556086518,0.95 <= |r| < 0.99
mag_percentile_25,mag_percentile_99,0.9797407778453716,0.9797407778453716,0.95 <= |r| < 0.99
phase_jump_k_mean_abs,pdp_rms_delay_spread,0.9794542929647855,0.9794542929647855,0.95 <= |r| < 0.99
phase_unwrap_k_var,pdp_rms_delay_spread,-0.9792339030373386,0.9792339030373386,0.95 <= |r| < 0.99
mag_max,svd_sigma_1,0.9787659297098975,0.9787659297098975,0.95 <= |r| < 0.99
mag_max,pdp_los_peak_power,0.9786536955047616,0.9786536955047616,0.95 <= |r| < 0.99
mag_dynamic_range_linear,pdp_los_peak_power,0.9784565051564745,0.9784565051564745,0.95 <= |r| < 0.99
mag_rms,mag_dynamic_range_linear,0.9781127471038739,0.9781127471038739,0.95 <= |r| < 0.99
phase_unwrap_k_slope_mean,pdp_rms_delay_spread,0.977319481080413,0.977319481080413,0.95 <= |r| < 0.99
phase_unwrap_m_var,pdp_rms_delay_spread,0.977101720945204,0.977101720945204,0.95 <= |r| < 0.99
mag_percentile_50,mag_dynamic_range_linear,0.9770802591263119,0.9770802591263119,0.95 <= |r| < 0.99
mag_mean,mag_percentile_5,0.9769547051406963,0.9769547051406963,0.95 <= |r| < 0.99
mag_percentile_5,svd_sigma_1,0.9768339386364477,0.9768339386364477,0.95 <= |r| < 0.99
phase_unwrap_k_mean,pdp_rms_delay_spread,0.9765761636776752,0.9765761636776752,0.95 <= |r| < 0.99
mag_mean,mag_dynamic_range_linear,0.9763264550814127,0.9763264550814127,0.95 <= |r| < 0.99
mag_percentile_99,pdp_los_peak_power,0.9762286784199883,0.9762286784199883,0.95 <= |r| < 0.99
mag_percentile_1,mag_percentile_5,0.9755376040328054,0.9755376040328054,0.95 <= |r| < 0.99
mag_rms,mag_percentile_5,0.9745954830226793,0.9745954830226793,0.95 <= |r| < 0.99
mag_max,mag_percentile_25,0.9745928232290356,0.9745928232290356,0.95 <= |r| < 0.99
mag_percentile_95,pdp_los_peak_power,0.9740644604557024,0.9740644604557024,0.95 <= |r| < 0.99
mag_percentile_5,mag_percentile_50,0.9739012140343991,0.9739012140343991,0.95 <= |r| < 0.99
pdp_los_peak_power,svd_sigma_1,0.9728061734525878,0.9728061734525878,0.95 <= |r| < 0.99
mag_rms,pdp_los_peak_power,0.9722332514446157,0.9722332514446157,0.95 <= |r| < 0.99
mag_mean,pdp_los_peak_power,0.9719398272331425,0.9719398272331425,0.95 <= |r| < 0.99
mag_percentile_50,pdp_los_peak_power,0.9716075259850201,0.9716075259850201,0.95 <= |r| < 0.99
mag_energy_total,mag_percentile_99,0.9713786730989542,0.9713786730989542,0.95 <= |r| < 0.99
mag_percentile_99,pdp_total_energy,0.9713786730989493,0.9713786730989493,0.95 <= |r| < 0.99
mag_percentile_75,pdp_los_peak_power,0.9707769603489559,0.9707769603489559,0.95 <= |r| < 0.99
mag_dynamic_range_linear,svd_sigma_1,0.9695275830789841,0.9695275830789841,0.95 <= |r| < 0.99
mag_percentile_25,pdp_los_peak_power,0.9679368956802233,0.9679368956802233,0.95 <= |r| < 0.99
mag_percentile_5,mag_percentile_75,0.9668986331216266,0.9668986331216266,0.95 <= |r| < 0.99
mag_energy_total,mag_percentile_95,0.9660308072672705,0.9660308072672705,0.95 <= |r| < 0.99
mag_percentile_95,pdp_total_energy,0.9660308072672665,0.9660308072672665,0.95 <= |r| < 0.99
mag_percentile_25,mag_dynamic_range_linear,0.9655098891612048,0.9655098891612048,0.95 <= |r| < 0.99
mag_mean,mag_percentile_1,0.9648858786758946,0.9648858786758946,0.95 <= |r| < 0.99
mag_percentile_1,svd_sigma_1,0.964461872222846,0.964461872222846,0.95 <= |r| < 0.99
mag_rms,mag_percentile_1,0.9636041178732542,0.9636041178732542,0.95 <= |r| < 0.99
svd_sigma_ratio,svd_spectral_flatness,-0.9629395951356695,0.9629395951356695,0.95 <= |r| < 0.99
mag_percentile_1,mag_percentile_25,0.9614660234151989,0.9614660234151989,0.95 <= |r| < 0.99
mag_percentile_1,mag_percentile_50,0.9608851461701133,0.9608851461701133,0.95 <= |r| < 0.99
mag_percentile_1,mag_percentile_75,0.960738979297971,0.960738979297971,0.95 <= |r| < 0.99
mag_energy_total,mag_percentile_75,0.9582036911991128,0.9582036911991128,0.95 <= |r| < 0.99
mag_percentile_75,pdp_total_energy,0.9582036911991062,0.9582036911991062,0.95 <= |r| < 0.99
mag_rms,mag_energy_total,0.9581073708973137,0.9581073708973137,0.95 <= |r| < 0.99
mag_rms,pdp_total_energy,0.9581073708973101,0.9581073708973101,0.95 <= |r| < 0.99
mag_energy_total,mag_percentile_50,0.9574153163555867,0.9574153163555867,0.95 <= |r| < 0.99
mag_percentile_50,pdp_total_energy,0.9574153163555867,0.9574153163555867,0.95 <= |r| < 0.99
mag_mean,mag_energy_total,0.9566758605177752,0.9566758605177752,0.95 <= |r| < 0.99
mag_mean,pdp_total_energy,0.9566758605177661,0.9566758605177661,0.95 <= |r| < 0.99
mag_percentile_5,mag_percentile_95,0.9564216371731964,0.9564216371731964,0.95 <= |r| < 0.99
mag_percentile_1,mag_percentile_95,0.9555754065846958,0.9555754065846958,0.95 <= |r| < 0.99
mag_percentile_5,phase_unwrap_k_mean,-0.9551062090303283,0.9551062090303283,0.95 <= |r| < 0.99
mag_percentile_5,phase_unwrap_k_slope_mean,-0.9541866897446416,0.9541866897446416,0.95 <= |r| < 0.99
mag_percentile_5,phase_unwrap_m_var,-0.9529810339258541,0.9529810339258541,0.95 <= |r| < 0.99
mag_percentile_5,phase_unwrap_k_var,0.9524478134745862,0.9524478134745862,0.95 <= |r| < 0.99
pdp_total_energy,svd_sigma_1,0.9519463499181847,0.9519463499181847,0.95 <= |r| < 0.99
mag_energy_total,svd_sigma_1,0.9519463499181814,0.9519463499181814,0.95 <= |r| < 0.99
mag_percentile_5,phase_jump_k_mean_abs,-0.9517716224641849,0.9517716224641849,0.95 <= |r| < 0.99
pdp_rms_delay_spread,svd_spectral_flatness,0.951336009647031,0.951336009647031,0.95 <= |r| < 0.99
mag_percentile_1,mag_percentile_99,0.9507888152754613,0.9507888152754613,0.95 <= |r| < 0.99
mag_percentile_5,phase_unwrap_k_slope_var,-0.9504682240542066,0.9504682240542066,0.95 <= |r| < 0.99
mag_percentile_5,phase_unwrap_m_slope_var,-0.9504151952511063,0.9504151952511063,0.95 <= |r| < 0.99
mag_percentile_25,pdp_total_energy,0.9500532744113516,0.9500532744113516,0.95 <= |r| < 0.99
mag_energy_total,mag_percentile_25,0.9500532744113496,0.9500532744113496,0.95 <= |r| < 0.99
mag_percentile_5,pdp_mean_delay,-0.9492790694612387,0.9492790694612387,0.90 <= |r| < 0.95
mag_percentile_5,svd_energy_ratio_mode1,0.9492485080075839,0.9492485080075839,0.90 <= |r| < 0.95
mag_percentile_5,mag_percentile_99,0.9485677951434716,0.9485677951434716,0.90 <= |r| < 0.95
mag_percentile_5,phase_unwrap_k_slope_rms,-0.9457029141011859,0.9457029141011859,0.90 <= |r| < 0.95
mag_percentile_5,phase_jump_k_rms_abs,-0.9457029141011857,0.9457029141011857,0.90 <= |r| < 0.95
mag_percentile_5,phase_jump_m_var_abs,-0.942315547999752,0.942315547999752,0.90 <= |r| < 0.95
mag_percentile_5,phase_jump_k_var_abs,-0.9416623745969626,0.9416623745969626,0.90 <= |r| < 0.95
mag_percentile_1,pdp_los_peak_power,0.9414494624818774,0.9414494624818774,0.90 <= |r| < 0.95
mag_max,mag_percentile_1,0.936115358827645,0.936115358827645,0.90 <= |r| < 0.95
mag_percentile_5,phase_jump_m_mean_abs,-0.9356459502152757,0.9356459502152757,0.90 <= |r| < 0.95
mag_max,mag_percentile_5,0.9346889510208457,0.9346889510208457,0.90 <= |r| < 0.95
mag_min,phase_jump_m_max_abs,-0.9299274356541783,0.9299274356541783,0.90 <= |r| < 0.95
mag_percentile_5,pdp_los_peak_power,0.9271292236523797,0.9271292236523797,0.90 <= |r| < 0.95
mag_min,phase_jump_k_max_abs,-0.9243412057737106,0.9243412057737106,0.90 <= |r| < 0.95
pdp_los_ratio,svd_spectral_flatness,-0.9234474042185868,0.9234474042185868,0.90 <= |r| < 0.95
pdp_papr_linear,svd_spectral_flatness,-0.923447403892824,0.923447403892824,0.90 <= |r| < 0.95
mag_percentile_1,phase_unwrap_k_mean,-0.9224830060883237,0.9224830060883237,0.90 <= |r| < 0.95
mag_percentile_5,phase_jump_m_rms_abs,-0.9220190636629193,0.9220190636629193,0.90 <= |r| < 0.95
mag_percentile_5,phase_unwrap_m_slope_rms,-0.9220190636629193,0.9220190636629193,0.90 <= |r| < 0.95
mag_percentile_1,phase_unwrap_k_slope_mean,-0.9214340167983164,0.9214340167983164,0.90 <= |r| < 0.95
phase_unwrap_k_mean,svd_sigma_1,-0.9209401554250243,0.9209401554250243,0.90 <= |r| < 0.95
mag_percentile_1,phase_unwrap_m_var,-0.9203091920911194,0.9203091920911194,0.90 <= |r| < 0.95
phase_unwrap_k_slope_mean,svd_sigma_1,-0.9196098151249892,0.9196098151249892,0.90 <= |r| < 0.95
mag_percentile_1,phase_unwrap_k_var,0.9192492998712815,0.9192492998712815,0.90 <= |r| < 0.95
phase_unwrap_m_var,svd_sigma_1,-0.9189119282524215,0.9189119282524215,0.90 <= |r| < 0.95
mag_percentile_1,phase_jump_k_mean_abs,-0.9188360183617199,0.9188360183617199,0.90 <= |r| < 0.95
mag_percentile_1,phase_unwrap_k_slope_var,-0.9169817862144178,0.9169817862144178,0.90 <= |r| < 0.95
mag_percentile_1,phase_unwrap_m_slope_var,-0.9169429021478382,0.9169429021478382,0.90 <= |r| < 0.95
phase_unwrap_k_var,svd_sigma_1,0.9166735089861684,0.9166735089861684,0.90 <= |r| < 0.95
phase_jump_k_mean_abs,svd_sigma_1,-0.9166052994357438,0.9166052994357438,0.90 <= |r| < 0.95
phase_jump_m_rms_abs,svd_spectral_flatness,0.916529807103472,0.916529807103472,0.90 <= |r| < 0.95
phase_unwrap_m_slope_rms,svd_spectral_flatness,0.9165298071034718,0.9165298071034718,0.90 <= |r| < 0.95
mag_percentile_5,mag_dynamic_range_linear,0.9159397363003792,0.9159397363003792,0.90 <= |r| < 0.95
mag_percentile_1,pdp_mean_delay,-0.9151958071123393,0.9151958071123393,0.90 <= |r| < 0.95
mag_percentile_1,svd_energy_ratio_mode1,0.9151344754906507,0.9151344754906507,0.90 <= |r| < 0.95
mag_mean,phase_unwrap_k_mean,-0.9150537331039589,0.9150537331039589,0.90 <= |r| < 0.95
mag_percentile_1,mag_dynamic_range_linear,0.9147886059952814,0.9147886059952814,0.90 <= |r| < 0.95
phase_unwrap_m_slope_var,svd_sigma_1,-0.9145896886311689,0.9145896886311689,0.90 <= |r| < 0.95
phase_unwrap_k_slope_var,svd_sigma_1,-0.9143402191702175,0.9143402191702175,0.90 <= |r| < 0.95
mag_percentile_25,phase_unwrap_k_mean,-0.9141212917382536,0.9141212917382536,0.90 <= |r| < 0.95
mag_percentile_50,phase_unwrap_k_mean,-0.9138850391926902,0.9138850391926902,0.90 <= |r| < 0.95
mag_mean,phase_unwrap_k_slope_mean,-0.9137070888712288,0.9137070888712288,0.90 <= |r| < 0.95
mag_percentile_25,phase_unwrap_k_slope_mean,-0.9127895184192018,0.9127895184192018,0.90 <= |r| < 0.95
mag_rms,phase_unwrap_k_mean,-0.9127375330351964,0.9127375330351964,0.90 <= |r| < 0.95
pdp_mean_delay,svd_sigma_1,-0.9126147531597215,0.9126147531597215,0.90 <= |r| < 0.95
svd_sigma_1,svd_energy_ratio_mode1,0.9125760574528833,0.9125760574528833,0.90 <= |r| < 0.95
mag_percentile_50,phase_unwrap_k_slope_mean,-0.9125211019080814,0.9125211019080814,0.90 <= |r| < 0.95
mag_mean,phase_unwrap_m_var,-0.9125083547755646,0.9125083547755646,0.90 <= |r| < 0.95
mag_percentile_25,phase_unwrap_m_var,-0.9115206853256872,0.9115206853256872,0.90 <= |r| < 0.95
mag_rms,phase_unwrap_k_slope_mean,-0.9113739329956616,0.9113739329956616,0.90 <= |r| < 0.95
mag_percentile_50,phase_unwrap_m_var,-0.9113061069968503,0.9113061069968503,0.90 <= |r| < 0.95
mag_percentile_1,phase_unwrap_k_slope_rms,-0.9112886552689874,0.9112886552689874,0.90 <= |r| < 0.95
mag_percentile_1,phase_jump_k_rms_abs,-0.911288655268987,0.911288655268987,0.90 <= |r| < 0.95
mag_mean,phase_unwrap_k_var,0.9106148323330955,0.9106148323330955,0.90 <= |r| < 0.95
mag_rms,phase_unwrap_m_var,-0.910191007774542,0.910191007774542,0.90 <= |r| < 0.95
mag_mean,phase_jump_k_mean_abs,-0.9100175615045708,0.9100175615045708,0.90 <= |r| < 0.95
mag_percentile_25,phase_unwrap_k_var,0.9097541288371868,0.9097541288371868,0.90 <= |r| < 0.95
mag_percentile_5,pdp_papr_linear,0.9097089787503706,0.9097089787503706,0.90 <= |r| < 0.95
mag_percentile_5,pdp_los_ratio,0.9097089782377727,0.9097089782377727,0.90 <= |r| < 0.95
mag_percentile_75,phase_unwrap_k_mean,-0.9094718187932997,0.9094718187932997,0.90 <= |r| < 0.95
mag_percentile_50,phase_unwrap_k_var,0.9093972110812929,0.9093972110812929,0.90 <= |r| < 0.95
mag_percentile_25,phase_jump_k_mean_abs,-0.9090891411216614,0.9090891411216614,0.90 <= |r| < 0.95
mag_percentile_50,phase_jump_k_mean_abs,-0.9087989559458786,0.9087989559458786,0.90 <= |r| < 0.95
mag_rms,phase_unwrap_k_var,0.908245905918208,0.908245905918208,0.90 <= |r| < 0.95
mag_percentile_75,phase_unwrap_k_slope_mean,-0.9081062732163595,0.9081062732163595,0.90 <= |r| < 0.95
mag_mean,phase_unwrap_m_slope_var,-0.9078736874061745,0.9078736874061745,0.90 <= |r| < 0.95
mag_mean,phase_unwrap_k_slope_var,-0.9077578377495941,0.9077578377495941,0.90 <= |r| < 0.95
mag_percentile_1,phase_jump_m_var_abs,-0.9076721553984869,0.9076721553984869,0.90 <= |r| < 0.95
mag_rms,phase_jump_k_mean_abs,-0.9076550909566271,0.9076550909566271,0.90 <= |r| < 0.95
mag_percentile_25,phase_unwrap_m_slope_var,-0.9070072852397105,0.9070072852397105,0.90 <= |r| < 0.95
mag_percentile_75,phase_unwrap_m_var,-0.9069468886472728,0.9069468886472728,0.90 <= |r| < 0.95
mag_percentile_25,phase_unwrap_k_slope_var,-0.9069152034294912,0.9069152034294912,0.90 <= |r| < 0.95
phase_jump_k_rms_abs,svd_sigma_1,-0.9068628200115179,0.9068628200115179,0.90 <= |r| < 0.95
phase_unwrap_k_slope_rms,svd_sigma_1,-0.9068628200115175,0.9068628200115175,0.90 <= |r| < 0.95
mag_percentile_50,phase_unwrap_m_slope_var,-0.906638347340982,0.906638347340982,0.90 <= |r| < 0.95
mag_percentile_50,phase_unwrap_k_slope_var,-0.9065232339185055,0.9065232339185055,0.90 <= |r| < 0.95
mag_percentile_1,phase_jump_k_var_abs,-0.9061105818502987,0.9061105818502987,0.90 <= |r| < 0.95
mag_mean,svd_energy_ratio_mode1,0.9059332093771895,0.9059332093771895,0.90 <= |r| < 0.95
mag_mean,pdp_mean_delay,-0.905907498968134,0.905907498968134,0.90 <= |r| < 0.95
mag_rms,phase_unwrap_m_slope_var,-0.9054907262299531,0.9054907262299531,0.90 <= |r| < 0.95
mag_rms,phase_unwrap_k_slope_var,-0.905365460909232,0.905365460909232,0.90 <= |r| < 0.95
mag_var,mag_dynamic_range_linear,0.9052135610788227,0.9052135610788227,0.90 <= |r| < 0.95
mag_percentile_25,pdp_mean_delay,-0.9051465516363982,0.9051465516363982,0.90 <= |r| < 0.95
mag_percentile_25,svd_energy_ratio_mode1,0.905139064597988,0.905139064597988,0.90 <= |r| < 0.95
mag_percentile_75,phase_unwrap_k_var,0.90494212620394,0.90494212620394,0.90 <= |r| < 0.95
mag_percentile_50,svd_energy_ratio_mode1,0.9046967426802175,0.9046967426802175,0.90 <= |r| < 0.95
mag_percentile_50,pdp_mean_delay,-0.9046764690385515,0.9046764690385515,0.90 <= |r| < 0.95
mag_percentile_75,phase_jump_k_mean_abs,-0.9043865540842462,0.9043865540842462,0.90 <= |r| < 0.95
mag_var,mag_energy_total,0.9036233502755633,0.9036233502755633,0.90 <= |r| < 0.95
mag_var,pdp_total_energy,0.903623350275559,0.903623350275559,0.90 <= |r| < 0.95
mag_rms,svd_energy_ratio_mode1,0.9035254864765593,0.9035254864765593,0.90 <= |r| < 0.95
mag_rms,pdp_mean_delay,-0.9034899485631049,0.9034899485631049,0.90 <= |r| < 0.95
phase_jump_m_var_abs,svd_sigma_1,-0.902959715656226,0.902959715656226,0.90 <= |r| < 0.95
mag_percentile_75,phase_unwrap_m_slope_var,-0.90219146189493,0.90219146189493,0.90 <= |r| < 0.95
mag_percentile_75,phase_unwrap_k_slope_var,-0.902056793248026,0.902056793248026,0.90 <= |r| < 0.95
phase_jump_k_var_abs,svd_sigma_1,-0.9005794957026957,0.9005794957026957,0.90 <= |r| < 0.95
mag_percentile_75,svd_energy_ratio_mode1,0.9001997928923401,0.9001997928923401,0.90 <= |r| < 0.95
mag_percentile_75,pdp_mean_delay,-0.9001549214773668,0.9001549214773668,0.90 <= |r| < 0.95
mag_mean,phase_unwrap_k_slope_rms,-0.900062848294344,0.900062848294344,0.90 <= |r| < 0.95
mag_mean,phase_jump_k_rms_abs,-0.9000628482943437,0.9000628482943437,0.90 <= |r| < 0.95
mag_percentile_25,phase_jump_k_rms_abs,-0.8993621356480629,0.8993621356480629,0.80 <= |r| < 0.90
mag_percentile_25,phase_unwrap_k_slope_rms,-0.8993621356480628,0.8993621356480628,0.80 <= |r| < 0.90
phase_jump_m_mean_abs,svd_spectral_flatness,0.8993550514676322,0.8993550514676322,0.80 <= |r| < 0.90
mag_percentile_1,phase_jump_m_mean_abs,-0.89901871884081,0.89901871884081,0.80 <= |r| < 0.90
mag_percentile_50,phase_jump_k_rms_abs,-0.8987728925415887,0.8987728925415887,0.80 <= |r| < 0.90
mag_percentile_50,phase_unwrap_k_slope_rms,-0.8987728925415882,0.8987728925415882,0.80 <= |r| < 0.90
mag_rms,phase_unwrap_k_slope_rms,-0.8975848772546892,0.8975848772546892,0.80 <= |r| < 0.90
mag_rms,phase_jump_k_rms_abs,-0.8975848772546887,0.8975848772546887,0.80 <= |r| < 0.90
mag_energy_total,mag_percentile_1,0.8961153945985703,0.8961153945985703,0.80 <= |r| < 0.90
mag_percentile_1,pdp_total_energy,0.8961153945985658,0.8961153945985658,0.80 <= |r| < 0.90
mag_mean,phase_jump_m_var_abs,-0.8953401413317426,0.8953401413317426,0.80 <= |r| < 0.90
mag_var,svd_sigma_2,0.8951442581172657,0.8951442581172657,0.80 <= |r| < 0.90
mag_percentile_25,phase_jump_m_var_abs,-0.8946792887185949,0.8946792887185949,0.80 <= |r| < 0.90
mag_percentile_75,phase_unwrap_k_slope_rms,-0.8942065987025627,0.8942065987025627,0.80 <= |r| < 0.90
mag_percentile_75,phase_jump_k_rms_abs,-0.894206598702562,0.894206598702562,0.80 <= |r| < 0.90
mag_percentile_50,phase_jump_m_var_abs,-0.8940287781806909,0.8940287781806909,0.80 <= |r| < 0.90
mag_mean,phase_jump_k_var_abs,-0.8936241734803971,0.8936241734803971,0.80 <= |r| < 0.90
mag_percentile_25,phase_jump_k_var_abs,-0.8931076513861596,0.8931076513861596,0.80 <= |r| < 0.90
mag_rms,phase_jump_m_var_abs,-0.8928236985348805,0.8928236985348805,0.80 <= |r| < 0.90
mag_dynamic_range_db,svd_sigma_ratio,-0.8926445352070943,0.8926445352070943,0.80 <= |r| < 0.90
mag_percentile_50,phase_jump_k_var_abs,-0.8922953490952218,0.8922953490952218,0.80 <= |r| < 0.90
mag_var,mag_max,0.8922421969180284,0.8922421969180284,0.80 <= |r| < 0.90
mag_percentile_95,phase_unwrap_k_mean,-0.8918550084098389,0.8918550084098389,0.80 <= |r| < 0.90
phase_jump_m_mean_abs,svd_sigma_1,-0.891705839909955,0.891705839909955,0.80 <= |r| < 0.90
mag_rms,phase_jump_k_var_abs,-0.891072377554382,0.891072377554382,0.80 <= |r| < 0.90
mag_percentile_95,phase_unwrap_k_slope_mean,-0.8904178988008724,0.8904178988008724,0.80 <= |r| < 0.90
phase_jump_k_var_abs,svd_spectral_flatness,0.8901732372167028,0.8901732372167028,0.80 <= |r| < 0.90
mag_percentile_1,pdp_papr_linear,0.889728048212367,0.889728048212367,0.80 <= |r| < 0.90
mag_percentile_1,pdp_los_ratio,0.8897280477755347,0.8897280477755347,0.80 <= |r| < 0.90
mag_percentile_75,phase_jump_m_var_abs,-0.8894306015232392,0.8894306015232392,0.80 <= |r| < 0.90
mag_percentile_95,phase_unwrap_m_var,-0.8893136919452791,0.8893136919452791,0.80 <= |r| < 0.90
mag_energy_total,mag_percentile_5,0.8886312966033341,0.8886312966033341,0.80 <= |r| < 0.90
mag_percentile_5,pdp_total_energy,0.8886312966033233,0.8886312966033233,0.80 <= |r| < 0.90
mag_percentile_75,phase_jump_k_var_abs,-0.8876102573653557,0.8876102573653557,0.80 <= |r| < 0.90
phase_jump_m_var_abs,svd_spectral_flatness,0.8872091060853877,0.8872091060853877,0.80 <= |r| < 0.90
mag_percentile_95,phase_unwrap_k_var,0.8869834556684686,0.8869834556684686,0.80 <= |r| < 0.90
mag_percentile_95,phase_jump_k_mean_abs,-0.8864573237333874,0.8864573237333874,0.80 <= |r| < 0.90
mag_percentile_1,phase_jump_m_rms_abs,-0.884791228858046,0.884791228858046,0.80 <= |r| < 0.90
mag_percentile_1,phase_unwrap_m_slope_rms,-0.8847912288580456,0.8847912288580456,0.80 <= |r| < 0.90
mag_mean,phase_jump_m_mean_abs,-0.8847408478639162,0.8847408478639162,0.80 <= |r| < 0.90
mag_percentile_25,phase_jump_m_mean_abs,-0.8843993431929017,0.8843993431929017,0.80 <= |r| < 0.90
mag_percentile_95,phase_unwrap_m_slope_var,-0.8840994414539052,0.8840994414539052,0.80 <= |r| < 0.90
mag_percentile_95,phase_unwrap_k_slope_var,-0.8839169477800954,0.8839169477800954,0.80 <= |r| < 0.90
phase_jump_k_rms_abs,svd_spectral_flatness,0.8834617679115124,0.8834617679115124,0.80 <= |r| < 0.90
phase_unwrap_k_slope_rms,svd_spectral_flatness,0.8834617679115122,0.8834617679115122,0.80 <= |r| < 0.90
mag_percentile_50,phase_jump_m_mean_abs,-0.8833237001416031,0.8833237001416031,0.80 <= |r| < 0.90
mag_percentile_5,pdp_rms_delay_spread,-0.8830035207018947,0.8830035207018947,0.80 <= |r| < 0.90
mag_var,mag_percentile_99,0.8825579133843585,0.8825579133843585,0.80 <= |r| < 0.90
mag_rms,phase_jump_m_mean_abs,-0.8821075680094831,0.8821075680094831,0.80 <= |r| < 0.90
mag_percentile_95,svd_energy_ratio_mode1,0.8819093654895889,0.8819093654895889,0.80 <= |r| < 0.90
mag_percentile_95,pdp_mean_delay,-0.8818351254815707,0.8818351254815707,0.80 <= |r| < 0.90
mag_percentile_75,phase_jump_m_mean_abs,-0.8785663213498954,0.8785663213498954,0.80 <= |r| < 0.90
mag_percentile_99,phase_unwrap_k_mean,-0.8780374055543554,0.8780374055543554,0.80 <= |r| < 0.90
svd_energy_ratio_mode1,svd_spectral_flatness,-0.876900639985644,0.876900639985644,0.80 <= |r| < 0.90
pdp_mean_delay,svd_spectral_flatness,0.8768685676448121,0.8768685676448121,0.80 <= |r| < 0.90
mag_percentile_99,phase_unwrap_k_slope_mean,-0.8765300992125228,0.8765300992125228,0.80 <= |r| < 0.90
mag_percentile_99,phase_unwrap_m_var,-0.8754558451594288,0.8754558451594288,0.80 <= |r| < 0.90
mag_percentile_95,phase_unwrap_k_slope_rms,-0.8754528687875618,0.8754528687875618,0.80 <= |r| < 0.90
mag_percentile_95,phase_jump_k_rms_abs,-0.8754528687875618,0.8754528687875618,0.80 <= |r| < 0.90
phase_unwrap_k_slope_var,svd_spectral_flatness,0.8747801204882341,0.8747801204882341,0.80 <= |r| < 0.90
phase_unwrap_m_slope_var,svd_spectral_flatness,0.8744462196308301,0.8744462196308301,0.80 <= |r| < 0.90
mag_percentile_99,phase_unwrap_k_var,0.8728888743089556,0.8728888743089556,0.80 <= |r| < 0.90
mag_percentile_99,phase_jump_k_mean_abs,-0.8723812158499318,0.8723812158499318,0.80 <= |r| < 0.90
phase_jump_m_rms_abs,svd_sigma_1,-0.8721988772751077,0.8721988772751077,0.80 <= |r| < 0.90
phase_unwrap_m_slope_rms,svd_sigma_1,-0.8721988772751076,0.8721988772751076,0.80 <= |r| < 0.90
phase_jump_k_mean_abs,svd_spectral_flatness,0.871953485154313,0.871953485154313,0.80 <= |r| < 0.90
phase_unwrap_k_var,svd_spectral_flatness,-0.8715454356583432,0.8715454356583432,0.80 <= |r| < 0.90
mag_percentile_95,phase_jump_m_var_abs,-0.8704057714708366,0.8704057714708366,0.80 <= |r| < 0.90
mag_percentile_99,phase_unwrap_m_slope_var,-0.8698999354771398,0.8698999354771398,0.80 <= |r| < 0.90
svd_sigma_2,dH_dt_max,0.8697562678773844,0.8697562678773844,0.80 <= |r| < 0.90
mag_percentile_99,phase_unwrap_k_slope_var,-0.8696843113787665,0.8696843113787665,0.80 <= |r| < 0.90
mag_var,mag_percentile_95,0.8694473937961668,0.8694473937961668,0.80 <= |r| < 0.90
mag_min,mag_dynamic_range_db,-0.8686997060687223,0.8686997060687223,0.80 <= |r| < 0.90
mag_percentile_95,phase_jump_k_var_abs,-0.8683368740188345,0.8683368740188345,0.80 <= |r| < 0.90
mag_dynamic_range_db,phase_jump_m_max_abs,0.8681635347435891,0.8681635347435891,0.80 <= |r| < 0.90
mag_percentile_99,svd_energy_ratio_mode1,0.8675612626483699,0.8675612626483699,0.80 <= |r| < 0.90
phase_unwrap_m_var,svd_spectral_flatness,0.8675131524651106,0.8675131524651106,0.80 <= |r| < 0.90
mag_percentile_99,pdp_mean_delay,-0.8674701130261888,0.8674701130261888,0.80 <= |r| < 0.90
phase_unwrap_k_slope_mean,svd_spectral_flatness,0.8674662199095161,0.8674662199095161,0.80 <= |r| < 0.90
phase_unwrap_k_mean,svd_spectral_flatness,0.8656880526290835,0.8656880526290835,0.80 <= |r| < 0.90
mag_mean,phase_unwrap_m_slope_rms,-0.864833949664546,0.864833949664546,0.80 <= |r| < 0.90
mag_mean,phase_jump_m_rms_abs,-0.864833949664546,0.864833949664546,0.80 <= |r| < 0.90
mag_energy_total,svd_sigma_2,0.8647927625329574,0.8647927625329574,0.80 <= |r| < 0.90
pdp_total_energy,svd_sigma_2,0.8647927625329574,0.8647927625329574,0.80 <= |r| < 0.90
mag_percentile_25,phase_unwrap_m_slope_rms,-0.864625524724046,0.864625524724046,0.80 <= |r| < 0.90
mag_percentile_25,phase_jump_m_rms_abs,-0.8646255247240459,0.8646255247240459,0.80 <= |r| < 0.90
mag_dynamic_range_db,phase_jump_k_max_abs,0.8644383349109044,0.8644383349109044,0.80 <= |r| < 0.90
mag_percentile_50,phase_jump_m_rms_abs,-0.8632474333222423,0.8632474333222423,0.80 <= |r| < 0.90
mag_percentile_50,phase_unwrap_m_slope_rms,-0.8632474333222422,0.8632474333222422,0.80 <= |r| < 0.90
mag_dynamic_range_db,svd_spectral_flatness,0.8626093487072581,0.8626093487072581,0.80 <= |r| < 0.90
mag_rms,phase_jump_m_rms_abs,-0.8620295519826348,0.8620295519826348,0.80 <= |r| < 0.90
mag_rms,phase_unwrap_m_slope_rms,-0.8620295519826346,0.8620295519826346,0.80 <= |r| < 0.90
mag_percentile_99,phase_jump_k_rms_abs,-0.8607601149211517,0.8607601149211517,0.80 <= |r| < 0.90
mag_percentile_99,phase_unwrap_k_slope_rms,-0.8607601149211517,0.8607601149211517,0.80 <= |r| < 0.90
mag_percentile_95,phase_jump_m_mean_abs,-0.8587479985045913,0.8587479985045913,0.80 <= |r| < 0.90
mag_percentile_75,phase_unwrap_m_slope_rms,-0.8584166241106886,0.8584166241106886,0.80 <= |r| < 0.90
mag_percentile_75,phase_jump_m_rms_abs,-0.8584166241106885,0.8584166241106885,0.80 <= |r| < 0.90
mag_var,pdp_los_peak_power,0.8565976614818879,0.8565976614818879,0.80 <= |r| < 0.90
mag_percentile_99,phase_jump_m_var_abs,-0.8555115592090485,0.8555115592090485,0.80 <= |r| < 0.90
mag_percentile_99,phase_jump_k_var_abs,-0.8532584100674715,0.8532584100674715,0.80 <= |r| < 0.90
mag_max,phase_unwrap_k_mean,-0.8475659646350493,0.8475659646350493,0.80 <= |r| < 0.90
mag_var,mag_percentile_75,0.847140254067142,0.847140254067142,0.80 <= |r| < 0.90
phase_unwrap_m_mean,phase_unwrap_m_slope_mean,0.846959401162606,0.846959401162606,0.80 <= |r| < 0.90
mag_max,phase_unwrap_k_slope_mean,-0.8458148952626983,0.8458148952626983,0.80 <= |r| < 0.90
pdp_papr_linear,svd_sigma_1,0.8455206011581337,0.8455206011581337,0.80 <= |r| < 0.90
pdp_los_ratio,svd_sigma_1,0.8455206004492385,0.8455206004492385,0.80 <= |r| < 0.90
mag_max,phase_unwrap_m_var,-0.8447745883785566,0.8447745883785566,0.80 <= |r| < 0.90
pdp_rms_delay_spread,svd_sigma_ratio,-0.8436208601435597,0.8436208601435597,0.80 <= |r| < 0.90
mag_percentile_99,phase_jump_m_mean_abs,-0.8432496977008996,0.8432496977008996,0.80 <= |r| < 0.90
mag_dynamic_range_linear,svd_sigma_2,0.842331160966441,0.842331160966441,0.80 <= |r| < 0.90
mag_max,phase_unwrap_k_var,0.8418732083519229,0.8418732083519229,0.80 <= |r| < 0.90
mag_max,phase_jump_k_mean_abs,-0.8412924681772701,0.8412924681772701,0.80 <= |r| < 0.90
mag_percentile_25,pdp_papr_linear,0.8398230438495685,0.8398230438495685,0.80 <= |r| < 0.90
mag_percentile_25,pdp_los_ratio,0.8398230431238317,0.8398230431238317,0.80 <= |r| < 0.90
mag_max,phase_unwrap_m_slope_var,-0.8386482634738197,0.8386482634738197,0.80 <= |r| < 0.90
mag_mean,pdp_papr_linear,0.8385469718465638,0.8385469718465638,0.80 <= |r| < 0.90
mag_mean,pdp_los_ratio,0.8385469710932625,0.8385469710932625,0.80 <= |r| < 0.90
mag_max,phase_unwrap_k_slope_var,-0.8383742002535497,0.8383742002535497,0.80 <= |r| < 0.90
mag_percentile_1,pdp_rms_delay_spread,-0.8381872826623297,0.8381872826623297,0.80 <= |r| < 0.90
mag_percentile_95,phase_jump_m_rms_abs,-0.8374190197162363,0.8374190197162363,0.80 <= |r| < 0.90
mag_percentile_95,phase_unwrap_m_slope_rms,-0.8374190197162362,0.8374190197162362,0.80 <= |r| < 0.90
mag_max,svd_energy_ratio_mode1,0.8362471319643319,0.8362471319643319,0.80 <= |r| < 0.90
mag_max,pdp_mean_delay,-0.8359880289720506,0.8359880289720506,0.80 <= |r| < 0.90
mag_percentile_50,pdp_papr_linear,0.8352657256659611,0.8352657256659611,0.80 <= |r| < 0.90
mag_percentile_50,pdp_los_ratio,0.8352657249016835,0.8352657249016835,0.80 <= |r| < 0.90
mag_rms,pdp_papr_linear,0.8352275919939761,0.8352275919939761,0.80 <= |r| < 0.90
mag_rms,pdp_los_ratio,0.835227591230341,0.835227591230341,0.80 <= |r| < 0.90
dH_dt_mean,dH_dt_max,0.8318344946436076,0.8318344946436076,0.80 <= |r| < 0.90
dH_dt_max,doppler_variance_energy,0.8313920986448082,0.8313920986448082,0.80 <= |r| < 0.90
mag_percentile_75,pdp_papr_linear,0.8303979851753658,0.8303979851753658,0.80 <= |r| < 0.90
mag_percentile_75,pdp_los_ratio,0.8303979843987253,0.8303979843987253,0.80 <= |r| < 0.90
mag_var,mag_rms,0.8303231511986098,0.8303231511986098,0.80 <= |r| < 0.90
mag_max,phase_unwrap_k_slope_rms,-0.8286719304156392,0.8286719304156392,0.80 <= |r| < 0.90
mag_max,phase_jump_k_rms_abs,-0.8286719304156391,0.8286719304156391,0.80 <= |r| < 0.90
mag_max,svd_sigma_2,0.8277968215339777,0.8277968215339777,0.80 <= |r| < 0.90
mag_var,mag_percentile_50,0.8265856637959336,0.8265856637959336,0.80 <= |r| < 0.90
mag_mean,mag_var,0.8235816187194206,0.8235816187194206,0.80 <= |r| < 0.90
mag_max,phase_jump_m_var_abs,-0.8230876854579889,0.8230876854579889,0.80 <= |r| < 0.90
mag_percentile_99,phase_jump_m_rms_abs,-0.8210237473307116,0.8210237473307116,0.80 <= |r| < 0.90
mag_percentile_99,phase_unwrap_m_slope_rms,-0.8210237473307116,0.8210237473307116,0.80 <= |r| < 0.90
mag_max,phase_jump_k_var_abs,-0.8206001479843614,0.8206001479843614,0.80 <= |r| < 0.90
pdp_rms_delay_spread,svd_sigma_1,-0.8197296453702343,0.8197296453702343,0.80 <= |r| < 0.90
mag_dynamic_range_linear,phase_unwrap_k_mean,-0.8182688224126338,0.8182688224126338,0.80 <= |r| < 0.90
mag_dynamic_range_linear,phase_unwrap_k_slope_mean,-0.8163542359878607,0.8163542359878607,0.80 <= |r| < 0.90
mag_dynamic_range_linear,phase_unwrap_m_var,-0.8153182980610129,0.8153182980610129,0.80 <= |r| < 0.90
phase_unwrap_k_mean,pdp_los_peak_power,-0.8151401064072732,0.8151401064072732,0.80 <= |r| < 0.90
mag_skewness,pdp_rms_delay_spread,0.8132637532077699,0.8132637532077699,0.80 <= |r| < 0.90
phase_unwrap_k_slope_mean,pdp_los_peak_power,-0.8132443921719593,0.8132443921719593,0.80 <= |r| < 0.90
phase_unwrap_m_var,pdp_los_peak_power,-0.8125981406072398,0.8125981406072398,0.80 <= |r| < 0.90
mag_percentile_25,pdp_rms_delay_spread,-0.8124001964069271,0.8124001964069271,0.80 <= |r| < 0.90
mag_dynamic_range_linear,phase_unwrap_k_var,0.8121151145810592,0.8121151145810592,0.80 <= |r| < 0.90
mag_mean,pdp_rms_delay_spread,-0.811666588346796,0.811666588346796,0.80 <= |r| < 0.90
mag_dynamic_range_linear,phase_jump_k_mean_abs,-0.8114947422164343,0.8114947422164343,0.80 <= |r| < 0.90
mag_skewness,phase_jump_m_rms_abs,0.8102633735346735,0.8102633735346735,0.80 <= |r| < 0.90
mag_skewness,phase_unwrap_m_slope_rms,0.8102633735346735,0.8102633735346735,0.80 <= |r| < 0.90
mag_var,svd_sigma_1,0.8102320970451972,0.8102320970451972,0.80 <= |r| < 0.90
mag_percentile_50,pdp_rms_delay_spread,-0.8098909000870252,0.8098909000870252,0.80 <= |r| < 0.90
mag_max,phase_jump_m_mean_abs,-0.8096468081532193,0.8096468081532193,0.80 <= |r| < 0.90
mag_skewness,pdp_papr_linear,-0.8095033389984408,0.8095033389984408,0.80 <= |r| < 0.90
mag_skewness,pdp_los_ratio,-0.8095033389849464,0.8095033389849464,0.80 <= |r| < 0.90
mag_percentile_95,pdp_papr_linear,0.8090552133126023,0.8090552133126023,0.80 <= |r| < 0.90
mag_percentile_95,pdp_los_ratio,0.8090552124969279,0.8090552124969279,0.80 <= |r| < 0.90
phase_jump_k_mean_abs,pdp_los_peak_power,-0.8089679386568254,0.8089679386568254,0.80 <= |r| < 0.90
phase_unwrap_k_var,pdp_los_peak_power,0.8089080721247005,0.8089080721247005,0.80 <= |r| < 0.90
mag_dynamic_range_linear,phase_unwrap_m_slope_var,-0.808675903695676,0.808675903695676,0.80 <= |r| < 0.90
mag_rms,pdp_rms_delay_spread,-0.8084620495985124,0.8084620495985124,0.80 <= |r| < 0.90
mag_dynamic_range_linear,phase_unwrap_k_slope_var,-0.8083678322125778,0.8083678322125778,0.80 <= |r| < 0.90
mag_skewness,phase_jump_m_mean_abs,0.8079902184417079,0.8079902184417079,0.80 <= |r| < 0.90
mag_dynamic_range_linear,svd_energy_ratio_mode1,0.8061037193713599,0.8061037193713599,0.80 <= |r| < 0.90
phase_unwrap_m_slope_var,pdp_los_peak_power,-0.8059365862499771,0.8059365862499771,0.80 <= |r| < 0.90
mag_dynamic_range_linear,pdp_mean_delay,-0.8058436560008089,0.8058436560008089,0.80 <= |r| < 0.90
mag_skewness,phase_jump_k_var_abs,0.8057040199218305,0.8057040199218305,0.80 <= |r| < 0.90
pdp_los_ratio,svd_sigma_ratio,0.8055960381509267,0.8055960381509267,0.80 <= |r| < 0.90
pdp_papr_linear,svd_sigma_ratio,0.8055960375767529,0.8055960375767529,0.80 <= |r| < 0.90
phase_unwrap_k_slope_var,pdp_los_peak_power,-0.8055682573113098,0.8055682573113098,0.80 <= |r| < 0.90
mag_percentile_75,pdp_rms_delay_spread,-0.8045189466894869,0.8045189466894869,0.80 <= |r| < 0.90
mag_skewness,phase_jump_k_rms_abs,0.8037349953091124,0.8037349953091124,0.80 <= |r| < 0.90
mag_skewness,phase_unwrap_k_slope_rms,0.8037349953091123,0.8037349953091123,0.80 <= |r| < 0.90
mag_skewness,phase_jump_m_var_abs,0.8036948956791944,0.8036948956791944,0.80 <= |r| < 0.90
pdp_los_peak_power,pdp_mean_delay,-0.8029024601729725,0.8029024601729725,0.80 <= |r| < 0.90
pdp_los_peak_power,svd_energy_ratio_mode1,0.8028025844147826,0.8028025844147826,0.80 <= |r| < 0.90
mag_percentile_99,svd_sigma_2,0.8025276322661472,0.8025276322661472,0.80 <= |r| < 0.90
mag_skewness,pdp_mean_delay,0.8020570673743853,0.8020570673743853,0.80 <= |r| < 0.90
mag_skewness,phase_unwrap_k_slope_var,0.8013721145417297,0.8013721145417297,0.80 <= |r| < 0.90
mag_skewness,phase_unwrap_m_slope_var,0.8010545009240188,0.8010545009240188,0.80 <= |r| < 0.90
mag_skewness,phase_unwrap_k_var,-0.8009205126218506,0.8009205126218506,0.80 <= |r| < 0.90
mag_skewness,phase_jump_k_mean_abs,0.8002984212838752,0.8002984212838752,0.80 <= |r| < 0.90
mag_skewness,phase_unwrap_k_slope_mean,0.7995435383453523,0.7995435383453523,0.70 <= |r| < 0.80
pdp_los_peak_power,svd_sigma_2,0.7993917658922058,0.7993917658922058,0.70 <= |r| < 0.80
mag_skewness,phase_unwrap_k_mean,0.7993017231517937,0.7993017231517937,0.70 <= |r| < 0.80
mag_skewness,phase_unwrap_m_var,0.7986606438470987,0.7986606438470987,0.70 <= |r| < 0.80
phase_jump_m_max_abs,svd_sigma_ratio,-0.7983299979946847,0.7983299979946847,0.70 <= |r| < 0.80
phase_jump_k_max_abs,svd_sigma_ratio,-0.7982828345802169,0.7982828345802169,0.70 <= |r| < 0.80
mag_skewness,svd_energy_ratio_mode1,-0.7979760866410439,0.7979760866410439,0.70 <= |r| < 0.80
mag_dynamic_range_linear,phase_unwrap_k_slope_rms,-0.7979671842910595,0.7979671842910595,0.70 <= |r| < 0.80
mag_dynamic_range_linear,phase_jump_k_rms_abs,-0.7979671842910591,0.7979671842910591,0.70 <= |r| < 0.80
phase_jump_k_rms_abs,pdp_los_peak_power,-0.7949726065363257,0.7949726065363257,0.70 <= |r| < 0.80
phase_unwrap_k_slope_rms,pdp_los_peak_power,-0.7949726065363254,0.7949726065363254,0.70 <= |r| < 0.80
mag_percentile_99,pdp_papr_linear,0.7924295281069326,0.7924295281069326,0.70 <= |r| < 0.80
mag_percentile_99,pdp_los_ratio,0.7924295272637021,0.7924295272637021,0.70 <= |r| < 0.80
mag_dynamic_range_linear,phase_jump_m_var_abs,-0.7920946640854858,0.7920946640854858,0.70 <= |r| < 0.80
phase_unwrap_m_slope_rms,svd_sigma_ratio,-0.7903149450993463,0.7903149450993463,0.70 <= |r| < 0.80
phase_jump_m_rms_abs,svd_sigma_ratio,-0.7903149450993463,0.7903149450993463,0.70 <= |r| < 0.80
phase_jump_m_var_abs,pdp_los_peak_power,-0.7898738359033404,0.7898738359033404,0.70 <= |r| < 0.80
mag_dynamic_range_linear,phase_jump_k_var_abs,-0.7893738922459843,0.7893738922459843,0.70 <= |r| < 0.80
phase_jump_k_var_abs,pdp_los_peak_power,-0.7860357632364809,0.7860357632364809,0.70 <= |r| < 0.80
mag_max,phase_unwrap_m_slope_rms,-0.7855209488987286,0.7855209488987286,0.70 <= |r| < 0.80
mag_max,phase_jump_m_rms_abs,-0.7855209488987286,0.7855209488987286,0.70 <= |r| < 0.80
mag_percentile_95,svd_sigma_2,0.7854641716234674,0.7854641716234674,0.70 <= |r| < 0.80
mag_var,mag_percentile_25,0.7838133381108516,0.7838133381108516,0.70 <= |r| < 0.80
mag_percentile_95,pdp_rms_delay_spread,-0.7804681430855284,0.7804681430855284,0.70 <= |r| < 0.80
mag_var,dH_dt_max,0.7786431897428315,0.7786431897428315,0.70 <= |r| < 0.80
phase_unwrap_k_slope_mean,pdp_los_peak_idx,0.7785935768568696,0.7785935768568696,0.70 <= |r| < 0.80
phase_unwrap_k_mean,pdp_los_peak_idx,0.7785383327424995,0.7785383327424995,0.70 <= |r| < 0.80
pdp_los_peak_idx,pdp_mean_delay,0.7782232226558142,0.7782232226558142,0.70 <= |r| < 0.80
phase_unwrap_k_var,pdp_los_peak_idx,-0.7781023704346598,0.7781023704346598,0.70 <= |r| < 0.80
phase_jump_k_mean_abs,pdp_los_peak_idx,0.7780789963136703,0.7780789963136703,0.70 <= |r| < 0.80
phase_unwrap_k_slope_var,pdp_los_peak_idx,0.7780021168206894,0.7780021168206894,0.70 <= |r| < 0.80
phase_unwrap_m_slope_var,pdp_los_peak_idx,0.7779236012541436,0.7779236012541436,0.70 <= |r| < 0.80
pdp_los_peak_idx,svd_energy_ratio_mode1,-0.7778700977020532,0.7778700977020532,0.70 <= |r| < 0.80
phase_unwrap_m_var,pdp_los_peak_idx,0.7778489215850051,0.7778489215850051,0.70 <= |r| < 0.80
phase_jump_k_rms_abs,pdp_los_peak_idx,0.7775656200464045,0.7775656200464045,0.70 <= |r| < 0.80
phase_unwrap_k_slope_rms,pdp_los_peak_idx,0.777565620046404,0.777565620046404,0.70 <= |r| < 0.80
mag_dynamic_range_linear,phase_jump_m_mean_abs,-0.7774547849495003,0.7774547849495003,0.70 <= |r| < 0.80
phase_jump_k_var_abs,pdp_los_peak_idx,0.7769070742124408,0.7769070742124408,0.70 <= |r| < 0.80
phase_jump_m_var_abs,pdp_los_peak_idx,0.7768624781488196,0.7768624781488196,0.70 <= |r| < 0.80
phase_jump_m_mean_abs,pdp_los_peak_idx,0.7761020270427923,0.7761020270427923,0.70 <= |r| < 0.80
phase_jump_m_mean_abs,pdp_los_peak_power,-0.7734285882553197,0.7734285882553197,0.70 <= |r| < 0.80
phase_unwrap_m_slope_rms,pdp_los_peak_idx,0.7730540231469094,0.7730540231469094,0.70 <= |r| < 0.80
phase_jump_m_rms_abs,pdp_los_peak_idx,0.7730540231469093,0.7730540231469093,0.70 <= |r| < 0.80
mag_percentile_1,phase_coherence,-0.7716478824213207,0.7716478824213207,0.70 <= |r| < 0.80
mag_percentile_1,phase_circular_variance,0.7716478824212599,0.7716478824212599,0.70 <= |r| < 0.80
mag_skewness,svd_spectral_flatness,0.7663790122673577,0.7663790122673577,0.70 <= |r| < 0.80
phase_jump_m_mean_abs,svd_sigma_ratio,-0.765415580123461,0.765415580123461,0.70 <= |r| < 0.80
phase_circular_variance,phase_unwrap_k_mean,-0.7649251861751624,0.7649251861751624,0.70 <= |r| < 0.80
phase_coherence,phase_unwrap_k_mean,0.7649251861751445,0.7649251861751445,0.70 <= |r| < 0.80
mag_percentile_5,mag_skewness,-0.7643011356967175,0.7643011356967175,0.70 <= |r| < 0.80
phase_circular_variance,phase_unwrap_k_slope_mean,-0.7642600079804308,0.7642600079804308,0.70 <= |r| < 0.80
phase_coherence,phase_unwrap_k_slope_mean,0.7642600079804132,0.7642600079804132,0.70 <= |r| < 0.80
phase_circular_variance,phase_jump_k_mean_abs,-0.7642383859847831,0.7642383859847831,0.70 <= |r| < 0.80
phase_coherence,phase_jump_k_mean_abs,0.7642383859847632,0.7642383859847632,0.70 <= |r| < 0.80
phase_circular_variance,phase_unwrap_m_var,-0.7639368495356446,0.7639368495356446,0.70 <= |r| < 0.80
phase_coherence,phase_unwrap_m_var,0.7639368495356303,0.7639368495356303,0.70 <= |r| < 0.80
phase_circular_variance,phase_unwrap_k_var,0.7638086209108935,0.7638086209108935,0.70 <= |r| < 0.80
phase_coherence,phase_unwrap_k_var,-0.7638086209108719,0.7638086209108719,0.70 <= |r| < 0.80
phase_circular_variance,phase_unwrap_m_slope_var,-0.7637998410892303,0.7637998410892303,0.70 <= |r| < 0.80
phase_coherence,phase_unwrap_m_slope_var,0.7637998410892027,0.7637998410892027,0.70 <= |r| < 0.80
phase_circular_variance,phase_unwrap_k_slope_var,-0.7636816312943445,0.7636816312943445,0.70 <= |r| < 0.80
phase_coherence,phase_unwrap_k_slope_var,0.7636816312943053,0.7636816312943053,0.70 <= |r| < 0.80
pdp_los_peak_idx,pdp_papr_linear,-0.7633450594013982,0.7633450594013982,0.70 <= |r| < 0.80
pdp_los_peak_idx,pdp_los_ratio,-0.7633450592015276,0.7633450592015276,0.70 <= |r| < 0.80
phase_circular_variance,pdp_mean_delay,-0.7632120686270041,0.7632120686270041,0.70 <= |r| < 0.80
phase_coherence,pdp_mean_delay,0.7632120686269724,0.7632120686269724,0.70 <= |r| < 0.80
phase_circular_variance,pdp_papr_linear,0.763147383827258,0.763147383827258,0.70 <= |r| < 0.80
phase_coherence,pdp_papr_linear,-0.7631473838271106,0.7631473838271106,0.70 <= |r| < 0.80
phase_circular_variance,pdp_los_ratio,0.7631473836973538,0.7631473836973538,0.70 <= |r| < 0.80
phase_coherence,pdp_los_ratio,-0.7631473836971919,0.7631473836971919,0.70 <= |r| < 0.80
phase_circular_variance,svd_energy_ratio_mode1,0.763033717616468,0.763033717616468,0.70 <= |r| < 0.80
phase_coherence,svd_energy_ratio_mode1,-0.7630337176164347,0.7630337176164347,0.70 <= |r| < 0.80
phase_circular_variance,phase_jump_k_rms_abs,-0.7620852609568808,0.7620852609568808,0.70 <= |r| < 0.80
phase_circular_variance,phase_unwrap_k_slope_rms,-0.7620852609568807,0.7620852609568807,0.70 <= |r| < 0.80
phase_coherence,phase_jump_k_rms_abs,0.7620852609568317,0.7620852609568317,0.70 <= |r| < 0.80
phase_coherence,phase_unwrap_k_slope_rms,0.7620852609568316,0.7620852609568316,0.70 <= |r| < 0.80
mag_percentile_99,pdp_rms_delay_spread,-0.7617667090634413,0.7617667090634413,0.70 <= |r| < 0.80
phase_unwrap_k_mean,pdp_total_energy,-0.7616668040466646,0.7616668040466646,0.70 <= |r| < 0.80
mag_energy_total,phase_unwrap_k_mean,-0.7616668040466591,0.7616668040466591,0.70 <= |r| < 0.80
phase_circular_variance,phase_jump_m_var_abs,-0.7616185495795291,0.7616185495795291,0.70 <= |r| < 0.80
phase_coherence,phase_jump_m_var_abs,0.7616185495794784,0.7616185495794784,0.70 <= |r| < 0.80
mag_percentile_75,svd_sigma_2,0.7606608747404203,0.7606608747404203,0.70 <= |r| < 0.80
phase_circular_variance,phase_jump_k_var_abs,-0.760471798421564,0.760471798421564,0.70 <= |r| < 0.80
phase_coherence,phase_jump_k_var_abs,0.7604717984215068,0.7604717984215068,0.70 <= |r| < 0.80
pdp_los_peak_idx,pdp_rms_delay_spread,0.7601981977456831,0.7601981977456831,0.70 <= |r| < 0.80
mag_energy_total,phase_unwrap_k_slope_mean,-0.7594987006616042,0.7594987006616042,0.70 <= |r| < 0.80
phase_unwrap_k_slope_mean,pdp_total_energy,-0.759498700661599,0.759498700661599,0.70 <= |r| < 0.80
mag_energy_total,phase_unwrap_m_var,-0.7581936623399196,0.7581936623399196,0.70 <= |r| < 0.80
phase_unwrap_m_var,pdp_total_energy,-0.7581936623399103,0.7581936623399103,0.70 <= |r| < 0.80
phase_circular_variance,phase_jump_m_mean_abs,-0.7577799062500973,0.7577799062500973,0.70 <= |r| < 0.80
phase_coherence,phase_jump_m_mean_abs,0.7577799062500218,0.7577799062500218,0.70 <= |r| < 0.80
mag_rms,svd_sigma_2,0.756904693683621,0.756904693683621,0.70 <= |r| < 0.80
mag_max,pdp_papr_linear,0.7550254352160818,0.7550254352160818,0.70 <= |r| < 0.80
mag_max,pdp_los_ratio,0.7550254343143881,0.7550254343143881,0.70 <= |r| < 0.80
mag_percentile_5,phase_coherence,-0.7542157688836159,0.7542157688836159,0.70 <= |r| < 0.80
mag_percentile_5,phase_circular_variance,0.7542157688835305,0.7542157688835305,0.70 <= |r| < 0.80
mag_energy_total,phase_unwrap_k_var,0.7542049016196497,0.7542049016196497,0.70 <= |r| < 0.80
phase_unwrap_k_var,pdp_total_energy,0.7542049016196445,0.7542049016196445,0.70 <= |r| < 0.80
mag_energy_total,phase_jump_k_mean_abs,-0.7536711937381592,0.7536711937381592,0.70 <= |r| < 0.80
phase_jump_k_mean_abs,pdp_total_energy,-0.7536711937381553,0.7536711937381553,0.70 <= |r| < 0.80
phase_circular_variance,phase_unwrap_m_slope_rms,-0.7526899156438978,0.7526899156438978,0.70 <= |r| < 0.80
phase_circular_variance,phase_jump_m_rms_abs,-0.7526899156438976,0.7526899156438976,0.70 <= |r| < 0.80
phase_coherence,phase_jump_m_rms_abs,0.7526899156438057,0.7526899156438057,0.70 <= |r| < 0.80
phase_coherence,phase_unwrap_m_slope_rms,0.7526899156438057,0.7526899156438057,0.70 <= |r| < 0.80
mag_mean,svd_sigma_2,0.7521622116435628,0.7521622116435628,0.70 <= |r| < 0.80
phase_jump_k_var_abs,svd_sigma_ratio,-0.7520366100120668,0.7520366100120668,0.70 <= |r| < 0.80
mag_percentile_50,svd_sigma_2,0.7516062220724752,0.7516062220724752,0.70 <= |r| < 0.80
mag_dynamic_range_linear,phase_unwrap_m_slope_rms,-0.7515418560254775,0.7515418560254775,0.70 <= |r| < 0.80
mag_dynamic_range_linear,phase_jump_m_rms_abs,-0.7515418560254774,0.7515418560254774,0.70 <= |r| < 0.80
mag_energy_total,phase_unwrap_m_slope_var,-0.7502296380614812,0.7502296380614812,0.70 <= |r| < 0.80
phase_unwrap_m_slope_var,pdp_total_energy,-0.7502296380614751,0.7502296380614751,0.70 <= |r| < 0.80
